"Factor","HR","L95CI","H95CI","pvalue"
"riskscore",2.71828,1.64553,4.49037,9e-05
"age",1.0302,1.00755,1.05337,0.00872
"gender",0.78257,0.48911,1.25209,0.30658
"pathologicT",1.1874,0.9102,1.54904,0.20541
"pathologicN",1.43812,1.18121,1.7509,3e-04
"pathologicStage",1.99417,1.39752,2.84557,0.00014
"Tumor.grade",1.35175,1.00237,1.82292,0.04821
