"Factor","HR","L95CI","H95CI","pvalue"
"riskscore",2.519241,1.495871,4.242729,0.000512
"age",1.027339,1.003198,1.05206,0.026205
"pathologicN",1.147966,0.873777,1.508194,0.321697
"pathologicStage",1.672437,1.039749,2.690117,0.033947
"Tumor.grade",1.082808,0.796645,1.471764,0.611399
